{
  "package": "ans.fhir.fr.mesmesures",
  "version": "0.1.0",
  "fhirVersion": "4.0.1",
  "jurisdiction": "FR",
  "extensions": [],
  "profiles": {
    "Observation": [
      {
        "url": "https://interop.esante.gouv.fr/ig/fhir/mesmesures/StructureDefinition/MESObservationBmi",
        "title": "MESObservationBmi"
      },
      {
        "url": "https://interop.esante.gouv.fr/ig/fhir/mesmesures/StructureDefinition/MESObservationBodyHeight",
        "title": "MESObservationBodyHeight"
      },
      {
        "url": "https://interop.esante.gouv.fr/ig/fhir/mesmesures/StructureDefinition/MESObservationBodyTemperature",
        "title": "MESObservationBodyTemperature"
      },
      {
        "url": "https://interop.esante.gouv.fr/ig/fhir/mesmesures/StructureDefinition/MESObservationBodyWeight",
        "title": "MESObservationBodyWeight"
      },
      {
        "url": "https://interop.esante.gouv.fr/ig/fhir/mesmesures/StructureDefinition/MESObservationBp",
        "title": "MESObservationBp"
      },
      {
        "url": "https://interop.esante.gouv.fr/ig/fhir/mesmesures/StructureDefinition/MESObservationGlucose",
        "title": "MESObservationGlucose"
      },
      {
        "url": "https://interop.esante.gouv.fr/ig/fhir/mesmesures/StructureDefinition/MESObservationHeadCircumference",
        "title": "MESObservationHeadCircumference"
      },
      {
        "url": "https://interop.esante.gouv.fr/ig/fhir/mesmesures/StructureDefinition/MESObservationHeartrate",
        "title": "MESObservationHeartrate"
      },
      {
        "url": "https://interop.esante.gouv.fr/ig/fhir/mesmesures/StructureDefinition/MESObservationPainSeverity",
        "title": "MESObservationPainSeverity"
      },
      {
        "url": "https://interop.esante.gouv.fr/ig/fhir/mesmesures/StructureDefinition/MESObservationStepsByDay",
        "title": "MESObservationStepsByDay"
      },
      {
        "url": "https://interop.esante.gouv.fr/ig/fhir/mesmesures/StructureDefinition/MESObservationWaistCircumference",
        "title": "MESObservationWaistCircumference"
      }
    ]
  },
  "usage": {
    "http://hl7.org/fhir/StructureDefinition/elementdefinition-bestpractice": [
      "StructureDefinition.snapshot.element.constraint"
    ],
    "http://hl7.org/fhir/StructureDefinition/elementdefinition-bestpractice-explanation": [
      "StructureDefinition.snapshot.element.constraint"
    ],
    "http://hl7.org/fhir/StructureDefinition/elementdefinition-bindingName": [
      "StructureDefinition.snapshot.element.binding"
    ],
    "http://hl7.org/fhir/StructureDefinition/elementdefinition-maxValueSet": [
      "StructureDefinition.snapshot.element.binding"
    ],
    "http://hl7.org/fhir/StructureDefinition/elementdefinition-translatable": [
      "StructureDefinition.snapshot.element"
    ],
    "http://hl7.org/fhir/StructureDefinition/structuredefinition-display-hint": [
      "StructureDefinition.snapshot.element"
    ],
    "http://hl7.org/fhir/StructureDefinition/structuredefinition-fhir-type": [
      "StructureDefinition.snapshot.element.type"
    ],
    "http://hl7.org/fhir/StructureDefinition/workflow-supportingInfo|5.2.0": [
      "Observation"
    ],
    "http://hl7.org/fhir/tools/StructureDefinition/expansion-parameters": [
      "ImplementationGuide.definition"
    ],
    "http://hl7.org/fhir/tools/StructureDefinition/ig-internal-dependency": [
      "ImplementationGuide.definition"
    ],
    "http://hl7.org/fhir/tools/StructureDefinition/ig-page-name": [
      "ImplementationGuide.definition.page",
      "ImplementationGuide.definition.page.page",
      "ImplementationGuide.definition.page.page.page"
    ],
    "http://hl7.org/fhir/tools/StructureDefinition/ig-parameter": [
      "ImplementationGuide.definition"
    ],
    "http://hl7.org/fhir/tools/StructureDefinition/implementationguide-dependency-comment": [
      "ImplementationGuide.dependsOn"
    ],
    "http://hl7.org/fhir/tools/StructureDefinition/resource-information": [
      "ImplementationGuide.definition.resource"
    ],
    "http://hl7.org/fhir/tools/StructureDefinition/snapshot-base-version": [
      "StructureDefinition.snapshot"
    ],
    "http://interopsante.org/fhir/StructureDefinition/FrObservationBodyPositionExt|1.0.1": [
      "Observation"
    ],
    "http://interopsante.org/fhir/StructureDefinition/FrObservationHeightBodyPosition|1.0.1": [
      "Observation"
    ],
    "http://interopsante.org/fhir/StructureDefinition/FrObservationLevelOfExertion|1.0.1": [
      "Observation"
    ],
    "https://interop.esante.gouv.fr/ig/fhir/mesures/StructureDefinition/mesures-diabetis-type|3.1.0": [
      "Observation"
    ],
    "https://interop.esante.gouv.fr/ig/fhir/mesures/StructureDefinition/mesures-moment-of-measurement|3.1.0": [
      "Observation"
    ],
    "https://interop.esante.gouv.fr/ig/fhir/mesures/StructureDefinition/mesures-number-of-days|3.1.0": [
      "Observation"
    ],
    "https://interop.esante.gouv.fr/ig/fhir/mesures/StructureDefinition/mesures-reason-for-measurement|3.1.0": [
      "Observation"
    ]
  }
}